name,maxVal,minVal,length,dataType,precision
key,100,1,3,long,
at01s,9827,6112,4,long,
at02s,9955,6069,4,long,
at03s,9943,6033,4,long,
at04s,0.989943,0.005782,8,double,6
at05s,0.991983,0.005972,8,double,6
at06s,0.959592,0.006537,8,double,6
at07s,0.997352,0.002161,8,double,6
at08s,0.995968,0.0024,8,double,6
at09s,zsr6GT9ug,0hMc1hRsd,9,char,
