name,maxVal,minVal,length,dataType
key,10.0,1.0,2,long
at01s,9694.0,6742.0,4,long
at02s,9417.0,6608.0,4,long
at03s,9513.0,6216.0,4,long
at04s,0.8723113326846237,0.11401678203510146,18,double
at05s,0.805976579122622,0.007180378937520437,17,double
at06s,0.8356043944337688,0.08942028210247643,18,double
at07s,0.7799327613115441,0.2573064843465429,18,double
at08s,0.857782615393798,0.0016825993559013153,17,double
at09s,0.7991328731446238,0.0800911718072248,18,double
